{"password": "Lc2870454770.", "phone": "17879634489", "address": "\u6c5f\u897f\u7701\u5409\u5b89\u5e02\u6c38\u4e30\u53bf\u4e03\u90fd\u4e61", "latitude": "27.267511", "longitude": "115.512506", "start_time": "09", "end_time": "21", "token": "eyJhbGciOiJIUzUxMiJ9.eyJpc3MiOiJtb2d1ZGluZy11c2VyIiwic3ViIjoie1wibG9naW5UeXBlXCI6XCJhbmRyb2lkXCIsXCJ1c2VySWRcIjoxMDU0ODA0Njd9IiwiYXVkIjoibW9ndWRpbmciLCJleHAiOjIwMjI0NzY4NjAsIm5iZiI6MTcwNjg1Njc2MCwiaWF0IjoxNzA2ODU3NjYwfQ.YvDEeyP98O6x5YivPtWhtNWQvDiF_nF78zwI5T-m2fcP23VKNKVKi8oRcaLt0ctxexus1OuW3fgSbkAT-_hvMg", "user_id": "105480467", "plan_id": null, "city": "\u5409\u5b89\u5e02", "province": "\u6c5f\u897f\u7701", "path": "", "is_repeat_clock_in": false, "is_submit_daily": true, "is_submit_weekly": true, "submit_weekly_time": 1, "submit_month_report_time": 1,"pushKey": "fc677276aa8d400e879efb27f0851613"}