{
    "password": "Wang030317",
    "phone": "18607031761",
    "address": "江西省吉安市泰和县禾市镇禾市中心小学",
    "latitude": "26.852001",
    "longitude": "114.694138",
    "start_time": "09",
    "end_time": "21",
    "city": "吉安市",
    "province": "江西省",
    "path": "",
    "is_repeat_clock_in": false,
    "is_submit_daily": true,
    "is_submit_weekly": true,
    "submit_weekly_time": 1,
    "submit_month_report_time": 15,
    "pushKey": "SCT238555TJT8iAPYbVPv37wgdETYnVxrK"
}